nome,genero
Sophia,feminino
Júlia,feminino
Laura,feminino
Isabella,feminino
Luiza,feminino
Helena,feminino
Valentina,feminino
Giovanna,feminino
Maria Eduarda,feminino
Beatriz,feminino
Maria Clara,feminino
Lara,feminino
Lívia,feminino
Lorena,feminino
Ana Clara,feminino
Isadora,feminino
Rafaela,feminino
Yasmin,feminino
Ana Luiza,feminino
Nicole,feminino
Isabelly,feminino
Melissa,feminino
Cecília,feminino
Esther,feminino
Ana Júlia,feminino
Clara,feminino
Marina,feminino
Vitória,feminino
Isis,feminino
Maria,feminino
Bianca,feminino
Ana Beatriz,feminino
Larissa,feminino
Maria Fernanda,feminino
Catarina,feminino
Alícia,feminino
Maria Alice,feminino
Amanda,feminino
Ana,feminino
Ágata,feminino
Sofia,feminino
Luisa,feminino
Heloísa,feminino
Alana,feminino
Aurora,feminino
Elisa,feminino
Pietra,feminino
Lis,feminino
Giovana,feminino
Maitê,feminino
Laís,feminino
Abigail,feminino
Leticia,feminino
Camila,feminino
Ester,feminino
Bruna,feminino
Mariana,feminino
Íris,feminino
Sara,feminino
Laila,feminino
Rebeca,feminino
Cloe,feminino
Maísa,feminino
Carolina,feminino
Anabela,feminino
Ariela,feminino
Analice,feminino
Isabel,feminino
Diana,feminino
Estela,feminino
Micaela,feminino
Ariana,feminino
Emanuela,feminino
Débora,feminino
Anita,feminino
Daniela,feminino
Paloma,feminino
Yara,feminino
Karen,feminino
Sabrina,feminino
Belinda,feminino
Carol,feminino
Angelina,feminino
Milene,feminino
Alessandra,feminino
Natália,feminino
Raquel,feminino
Maria Luiza,feminino
Gabriela,feminino
Emanuelly,feminino
Lavínia,feminino
Bárbara,feminino
Emanuelle,feminino
Eduarda,feminino
Melinda,feminino
Aline,feminino
Jade,feminino
Iara,feminino
Clarisse,feminino
Lia,feminino
Fernanda,feminino
Eva,feminino
Joana,feminino
Juliana,feminino
Alice,feminino
Sarah,feminino
Letícia,feminino
Manuela,feminino
Olívia,feminino
Agnes,feminino
Brenda,feminino
Isa,feminino
Ingrid,feminino
Clarissa,feminino
Adriana,feminino
Zoe,feminino
Dulce,feminino
Flôr,feminino
Luana,feminino
Miguel,masculino
Arthur,masculino
Davi,masculino
Bernardo,masculino
Gabriel,masculino
Lucas,masculino
Matheus,masculino
Nicolas,masculino
Lorenzo,masculino
Samuel,masculino
Theo,masculino
Felipe,masculino
Gustavo,masculino
Henrique,masculino
João Pedro,masculino
Daniel,masculino
Murilo,masculino
Vitor,masculino
Leonardo,masculino
Isaac,masculino
João,masculino
Joaquim,masculino
Vinicius,masculino
Bryan,masculino
João Miguel,masculino
Vicente,masculino
Enzo Gabriel,masculino
Thiago,masculino
Thomas,masculino
Emanuel,masculino
Enrico,masculino
Artur,masculino
Enzo,masculino
Guilherme,masculino
Pedro,masculino
Rafael,masculino
Caio,masculino
David,masculino
Yuri,masculino
Eduardo,masculino
Victor,masculino
Hugo,masculino
Tomás,masculino
Augusto,masculino
Tiago,masculino
Calebe,masculino
Igor,masculino
Alan,masculino
Aarão,masculino
Diogo,masculino
Diego,masculino
Martim,masculino
Rodrigo,masculino
Danilo,masculino
Vinicios,masculino
Filipe,masculino
Lourenço,masculino
Fernando,masculino
Renan,masculino
Valentim,masculino
Octávio,masculino
Manuel,masculino
Leandro,masculino
Marcelo,masculino
Álvaro,masculino
Aquiles,masculino
Paulo,masculino
Abel,masculino
Pablo,masculino
Douglas,masculino
Santiago,masculino
Raul,masculino
Carlos,masculino
José,masculino
Wilian,masculino
César,masculino
Ezequiel,masculino
Fábio,masculino
Fabrício,masculino
Marcos,masculino
Abraão,masculino
Renato,masculino
Edgar,masculino
Adriano,masculino
Michael,masculino
Duarte,masculino
Heitor,masculino
Pedro Henrique,masculino
Lucca,masculino
Cauã,masculino
Antônio,masculino
Benício,masculino
João Vitor,masculino
Davi Lucas,masculino
Davi Lucca,masculino
Benjamim,masculino
Mateus,masculino
Bruno,masculino
João Lucas,masculino
Pietro,masculino
Benjamin,masculino
André,masculino
Kevin,masculino
Luis,masculino
Alexandre,masculino
Afonso,masculino
António,masculino
Kelvin,masculino
Francisco,masculino
Jonathan,masculino
Ângelo,masculino
Levi,masculino
Apólo,masculino
Frederico,masculino
Ricardo,masculino
Júlio,masculino
Muriel,masculino
Cristiano,masculino
Juliano,masculino
Maurício,masculino
Caetano,masculino
Anderson,masculino
Alexander,masculino
Jonas,masculino
